<?xml version="1.0" encoding="UTF-8"?>
<?xml-stylesheet type="text/xsl" href="customer_report.xsl"?>
<customers>
  <customer>
    <email>yee123@gmail.com</email>
    <phone>03-5636 4646</phone>
    <registrationTime>21-09-2024 19:40:22</registrationTime>
    <username>testuser</username>
    <gender>Male</gender>
  </customer>
  <customer>
    <email>yee123456@gmail.com</email>
    <phone>03-5636 4646</phone>
    <username>testuser</username>
    <gender>Male</gender>
    <registrationTime>21-09-2024 19:41:38</registrationTime>
  </customer>
  <customer>
    <email>chiewchinchong@gmail.com</email>
    <phone>03-5636 4646</phone>
    <username>testuser</username>
    <gender>Male</gender>
    <registrationTime>22-09-2024 10:23:56</registrationTime>
  </customer>
  <customer>
    <email>chiewchinchong@gmail.com</email>
    <phone>03-5636 4646</phone>
    <username>CCC</username>
    <gender>Male</gender>
    <registrationTime>22-09-2024 11:28:05</registrationTime>
  </customer>
  <customer>
    <email>yee123213213@gmail.com</email>
    <phone>03-5636 4646</phone>
    <username>testuser</username>
    <gender>Male</gender>
    <registrationTime>22-09-2024 12:26:56</registrationTime>
  </customer>
  <customer>
    <email>chiewcc-wm21@student.tarc.edu.my</email>
    <phone>03-5636 4646</phone>
    <username>testuser</username>
    <gender>Male</gender>
    <registrationTime>22-09-2024 12:28:09</registrationTime>
  </customer>
  <customer>
    <email>chiewcc-wm21@student.tarc.edu.my</email>
    <phone>03-5636 4646</phone>
    <username>testuser</username>
    <gender>Male</gender>
    <registrationTime>22-09-2024 12:29:43</registrationTime>
  </customer>
  <customer>
    <email>yee@gmail.com</email>
    <phone>03-5636 4646</phone>
    <username>testuser</username>
    <gender>Female</gender>
    <registrationTime>22-09-2024 12:32:16</registrationTime>
  </customer>
  <customer>
    <email>chiewchinchong@gmail.com</email>
    <phone>03-5636 4646</phone>
    <username>testuser</username>
    <gender>Male</gender>
    <registrationTime>22-09-2024 15:20:06</registrationTime>
  </customer>
  <customer>
    <email>chiewchinchong@gmail.com</email>
    <phone>03-5636 4646</phone>
    <username>testuser</username>
    <gender>Male</gender>
    <registrationTime>22-09-2024 15:38:37</registrationTime>
  </customer>
  <customer>
    <email>chiewcc-wm21@student.tarc.edu.my</email>
    <phone>03-5636 4646</phone>
    <username>testuser</username>
    <gender>Male</gender>
    <registrationTime>22-09-2024 16:46:51</registrationTime>
  </customer>
  <customer>
    <email>chiewcc-wm21@student.tarc.edu.my</email>
    <phone>03-5636 4646</phone>
    <username>testuser</username>
    <gender>Male</gender>
    <registrationTime>22-09-2024 16:47:09</registrationTime>
  </customer>
  <customer>
    <email>yee@gmail.com</email>
    <phone>03-5636 4646</phone>
    <username>testuser</username>
    <gender>Male</gender>
    <registrationTime>22-09-2024 16:48:17</registrationTime>
  </customer>
  <customer>
    <email>yee@gmail.com</email>
    <phone>03-5636 4646</phone>
    <username>testuser</username>
    <gender>Male</gender>
    <registrationTime>22-09-2024 16:49:17</registrationTime>
  </customer>
  <customer>
    <email>yee@gmail.com</email>
    <phone>03-5636 4646</phone>
    <username>testuser</username>
    <gender>Male</gender>
    <registrationTime>22-09-2024 16:52:32</registrationTime>
  </customer>
  <customer>
    <email>yee@gmail.com</email>
    <phone>03-5636 4646</phone>
    <username>testuser</username>
    <gender>Male</gender>
    <registrationTime>22-09-2024 16:59:45</registrationTime>
  </customer>
  <customer>
    <email>ivantan8983@gmail.com</email>
    <phone>0123456789</phone>
    <username>NiaNia</username>
    <gender>Female</gender>
    <registrationTime>22-09-2024 23:28:30</registrationTime>
  </customer>
</customers>
